{
  "GetBookingAfterUpdation" : {
    "transaction" : "GetBookingAfterUpdation",
    "sampleCount" : 200,
    "errorCount" : 17,
    "errorPct" : 8.5,
    "meanResTime" : 501.3050000000006,
    "medianResTime" : 259.0,
    "minResTime" : 247.0,
    "maxResTime" : 9266.0,
    "pct1ResTime" : 279.0,
    "pct2ResTime" : 813.8,
    "pct3ResTime" : 9230.030000000028,
    "throughput" : 12.796724038646106,
    "receivedKBytesPerSec" : 11.41564009613539,
    "sentKBytesPerSec" : 6.273956367170005
  },
  "TokenGeneration" : {
    "transaction" : "TokenGeneration",
    "sampleCount" : 200,
    "errorCount" : 0,
    "errorPct" : 0.0,
    "meanResTime" : 2747.4449999999997,
    "medianResTime" : 1754.5,
    "minResTime" : 1000.0,
    "maxResTime" : 11038.0,
    "pct1ResTime" : 6031.6,
    "pct2ResTime" : 7072.95,
    "pct3ResTime" : 10069.85,
    "throughput" : 11.757098348127682,
    "receivedKBytesPerSec" : 8.900490858856035,
    "sentKBytesPerSec" : 2.927793045676327
  },
  "Total" : {
    "transaction" : "Total",
    "sampleCount" : 1000,
    "errorCount" : 44,
    "errorPct" : 4.4,
    "meanResTime" : 969.9119999999996,
    "medianResTime" : 261.0,
    "minResTime" : 0.0,
    "maxResTime" : 11264.0,
    "pct1ResTime" : 3054.9,
    "pct2ResTime" : 5094.95,
    "pct3ResTime" : 9074.96,
    "throughput" : 55.33421868083223,
    "receivedKBytesPerSec" : 48.60273532605689,
    "sentKBytesPerSec" : 24.51019489749336
  },
  "GetBookingAfterCreation" : {
    "transaction" : "GetBookingAfterCreation",
    "sampleCount" : 200,
    "errorCount" : 7,
    "errorPct" : 3.5,
    "meanResTime" : 552.3049999999998,
    "medianResTime" : 259.0,
    "minResTime" : 246.0,
    "maxResTime" : 7267.0,
    "pct1ResTime" : 277.9,
    "pct2ResTime" : 4259.0,
    "pct3ResTime" : 6274.87,
    "throughput" : 12.804917088161854,
    "receivedKBytesPerSec" : 11.594514793680773,
    "sentKBytesPerSec" : 6.277973241724823
  },
  "CreateBooking" : {
    "transaction" : "CreateBooking",
    "sampleCount" : 200,
    "errorCount" : 0,
    "errorPct" : 0.0,
    "meanResTime" : 557.2899999999998,
    "medianResTime" : 259.0,
    "minResTime" : 246.0,
    "maxResTime" : 11264.0,
    "pct1ResTime" : 280.0,
    "pct2ResTime" : 4164.049999999977,
    "pct3ResTime" : 6269.84,
    "throughput" : 12.802458071949815,
    "receivedKBytesPerSec" : 11.95710826478684,
    "sentKBytesPerSec" : 6.12617622583536
  },
  "UpdateBooking" : {
    "transaction" : "UpdateBooking",
    "sampleCount" : 200,
    "errorCount" : 20,
    "errorPct" : 10.0,
    "meanResTime" : 491.2149999999998,
    "medianResTime" : 260.0,
    "minResTime" : 0.0,
    "maxResTime" : 9262.0,
    "pct1ResTime" : 277.0,
    "pct2ResTime" : 815.5999999999938,
    "pct3ResTime" : 8242.930000000028,
    "throughput" : 12.801638609742048,
    "receivedKBytesPerSec" : 11.562354981437624,
    "sentKBytesPerSec" : 6.485892694264866
  }
}