{
  "GetBookingAfterUpdation" : {
    "transaction" : "GetBookingAfterUpdation",
    "sampleCount" : 100,
    "errorCount" : 0,
    "errorPct" : 0.0,
    "meanResTime" : 262.60999999999996,
    "medianResTime" : 257.0,
    "minResTime" : 247.0,
    "maxResTime" : 809.0,
    "pct1ResTime" : 265.9,
    "pct2ResTime" : 271.0,
    "pct3ResTime" : 803.6499999999972,
    "throughput" : 10.67463706233988,
    "receivedKBytesPerSec" : 9.708082034585823,
    "sentKBytesPerSec" : 5.233074028608027
  },
  "TokenGeneration" : {
    "transaction" : "TokenGeneration",
    "sampleCount" : 100,
    "errorCount" : 0,
    "errorPct" : 0.0,
    "meanResTime" : 1084.6399999999992,
    "medianResTime" : 1046.5,
    "minResTime" : 997.0,
    "maxResTime" : 1665.0,
    "pct1ResTime" : 1132.1000000000004,
    "pct2ResTime" : 1489.8999999999987,
    "pct3ResTime" : 1664.98,
    "throughput" : 9.316191540898082,
    "receivedKBytesPerSec" : 7.09340646543693,
    "sentKBytesPerSec" : 2.319950041922862
  },
  "Total" : {
    "transaction" : "Total",
    "sampleCount" : 500,
    "errorCount" : 0,
    "errorPct" : 0.0,
    "meanResTime" : 425.66399999999976,
    "medianResTime" : 258.0,
    "minResTime" : 244.0,
    "maxResTime" : 1665.0,
    "pct1ResTime" : 1047.7,
    "pct2ResTime" : 1068.0,
    "pct3ResTime" : 1493.980000000001,
    "throughput" : 42.527855745513314,
    "receivedKBytesPerSec" : 37.657087267159994,
    "sentKBytesPerSec" : 18.88004220889683
  },
  "GetBookingAfterCreation" : {
    "transaction" : "GetBookingAfterCreation",
    "sampleCount" : 100,
    "errorCount" : 0,
    "errorPct" : 0.0,
    "meanResTime" : 260.71999999999997,
    "medianResTime" : 256.0,
    "minResTime" : 244.0,
    "maxResTime" : 655.0,
    "pct1ResTime" : 264.9,
    "pct2ResTime" : 274.6499999999999,
    "pct3ResTime" : 651.2799999999982,
    "throughput" : 10.691756655618518,
    "receivedKBytesPerSec" : 9.726157382657972,
    "sentKBytesPerSec" : 5.241466641719235
  },
  "CreateBooking" : {
    "transaction" : "CreateBooking",
    "sampleCount" : 100,
    "errorCount" : 0,
    "errorPct" : 0.0,
    "meanResTime" : 263.0900000000002,
    "medianResTime" : 256.0,
    "minResTime" : 245.0,
    "maxResTime" : 943.0,
    "pct1ResTime" : 263.0,
    "pct2ResTime" : 263.95,
    "pct3ResTime" : 936.2499999999966,
    "throughput" : 10.69747539580659,
    "receivedKBytesPerSec" : 10.025958092640137,
    "sentKBytesPerSec" : 5.118909124946512
  },
  "UpdateBooking" : {
    "transaction" : "UpdateBooking",
    "sampleCount" : 100,
    "errorCount" : 0,
    "errorPct" : 0.0,
    "meanResTime" : 257.2599999999997,
    "medianResTime" : 257.0,
    "minResTime" : 247.0,
    "maxResTime" : 279.0,
    "pct1ResTime" : 264.9,
    "pct2ResTime" : 265.95,
    "pct3ResTime" : 278.9,
    "throughput" : 10.67463706233988,
    "receivedKBytesPerSec" : 9.709332968616566,
    "sentKBytesPerSec" : 5.462411934244235
  }
}